{
  "height": 233.43465045592706,
  "tabOrder": 3000,
  "width": 413.37386018237083,
  "x": 67.112462006079028,
  "y": 401.7021276595745,
  "z": 3000
}