{
  "height": 28.206686930091188,
  "width": 710.03039513677811,
  "x": 240.24316109422494,
  "y": 97.264437689969611,
  "z": 4001
}