{
  "height": 91.428571428571431,
  "width": 175.07598784194531,
  "x": 20.425531914893618,
  "y": 371.55015197568389,
  "z": 3
}