{
  "height": 101.15501519756839,
  "width": 177.99392097264439,
  "x": 30.15197568389058,
  "y": 144.92401215805472,
  "z": 2
}