{
  "height": 101.15501519756839,
  "width": 177.99392097264439,
  "x": 30.15197568389058,
  "y": 517.44680851063833,
  "z": 3
}