{
  "height": 233.43465045592706,
  "tabOrder": 1000,
  "width": 413.37386018237083,
  "x": 67.112462006079028,
  "y": 142.00607902735564,
  "z": 1000
}