{
  "height": 497.99392097264439,
  "width": 1062.1276595744682,
  "x": 206.20060790273558,
  "y": 154.65045592705167,
  "z": 1
}