{
  "height": 233.43465045592706,
  "tabOrder": 2000,
  "width": 707.11246200607911,
  "x": 516.47416413373867,
  "y": 142.00607902735564,
  "z": 2000
}