{
  "height": 521.33738601823711,
  "width": 986.26139817629189,
  "x": 240.24316109422494,
  "y": 144.92401215805472,
  "z": 1
}