{
  "height": 64.194528875379945,
  "width": 799.51367781155022,
  "x": 240.24316109422494,
  "y": 32.097264437689972,
  "z": 0
}