{
  "height": 233.43465045592706,
  "tabOrder": 4000,
  "width": 707.11246200607911,
  "x": 516.47416413373867,
  "y": 401.7021276595745,
  "z": 4000
}