{
  "height": 219.81762917933131,
  "width": 177.99392097264439,
  "x": 30.15197568389058,
  "y": 267.47720364741645,
  "z": 4
}