{
  "height": 189.66565349544075,
  "width": 175.07598784194531,
  "x": 20.425531914893618,
  "y": 154.65045592705167,
  "z": 2
}